Word 1,Word 2,Word 3,Word 4
ABET,BADE,EDGE,TEEM
ABET,BADE,EDGE,TEEN
ABET,BALE,ELSE,TEEM
ABET,BALE,ELSE,TEEN
ABET,BEAR,EASE,TREE
ABET,BEAR,EASE,TREK
ABET,BIDE,EDGE,TEEM
ABET,BIDE,EDGE,TEEN
ABET,BILE,ELSE,TEEM
ABET,BILE,ELSE,TEEN
ABET,BOAR,EASE,TREE
ABET,BOAR,EASE,TREK
ABET,BODE,EDGE,TEEM
ABET,BODE,EDGE,TEEN
ABET,CAVE,IBEX,DENT
ABET,CODE,TOGA,STEM
ABET,GALE,ELSE,DEEM
ABET,LAVA,SNIP,OGLE
ABET,LOVE,ARIA,SELL
ABET,NODE,URGE,SEEM
ABET,NODE,URGE,SEEN
ABET,RAVE,IBEX,DENT
ABET,REAR,EASE,ANTE
ABET,ROAR,SITE,ELSE
ABET,WAVE,ARIA,YELL
ABLE,BEAD,LAID,EDDY
ABLE,BEAD,LAND,EDDY
ABLE,BEAD,LAUD,EDDY
ABLE,BLED,LEAD,EDDY
ABLE,BLED,LEND,EDDY
ABLE,BLED,LEWD,EDDY
ABLE,BRED,LEAD,EDDY
ABLE,BRED,LEND,EDDY
ABLE,BRED,LEWD,EDDY
ABLE,BRIE,LIAR,EERY
ABLE,CLAD,REND,EDDY
ABLE,CLOD,HEAD,EDDY
ABLE,CLOD,HERD,EDDY
ABLE,CLOD,NERD,EDDY
ABLE,CLOD,READ,EDDY
ABLE,CLOD,REND,EDGY
ABLE,COAL,HISS,ELSE
ABLE,COAX,TUNA,STEM
ABLE,COED,RING,ELSE
ABLE,COOL,HISS,ELSE
ABLE,CRUD,REND,EDGY
ABLE,LAID,SNAG,OGRE
ABLE,LOAD,SONG,OBEY
ABLE,LOAD,TONG,OBEY
ABLE,LOUD,SOLD,ONLY
ABLE,NEED,TANG,EDDY
ABLE,RAID,CRAG,HERE
ABLE,RAID,SLAG,EERY
ABLE,RAID,SNAG,EERY
ABLE,READ,SAID,EDDY
ABLE,READ,SAND,EDDY
ABLE,READ,SNUG,EDDY
ABLE,REED,SAND,EDDY
ABLE,REED,SNAG,EDDY
ABLE,REEL,EATS,ARSE
ABLE,ROAD,SLUG,EDDY
ABLE,ROAD,SNUG,EDDY
ABLE,ROUX,TOGA,STEM
ABLE,ROUX,TUBA,STEM
ACHE,CHIA,HILT,EATS
ACHE,CHIA,HINT,EATS
ACHE,CHIA,HISS,EASE
ACHE,CHIA,HISS,EAST
ACHE,CHIA,HISS,EASY
ACHE,CHIA,TANS,SIDE
ACHE,CHIA,TANS,SITE
ACHE,CHIC,HIGH,ECHO
ACHE,CHIC,NIGH,ECHO
ACHE,CLAD,HAND,EDDY
ACHE,CLAD,HAND,EDGY
ACHE,CLAD,HANG,EDGE
ACHE,CLAD,HANG,EDGY
ACHE,CLAD,HARD,EDDY
ACHE,CLOD,HOLD,EDDY
ACHE,CLOD,HOOD,EDDY
ACHE,COAX,HARP,EXPO
ACHE,COAX,HASP,EXPO
ACHE,COAX,RASP,EXPO
ACHE,COED,HEAD,EDDY
ACHE,COED,HEED,EDDY
ACHE,COED,HELD,EDDY
ACHE,COED,HERD,EDDY
ACHE,COED,NEED,EDDY
ACHE,COED,NERD,EDDY
ACHE,COED,READ,EDDY
ACHE,COED,REED,EDDY
ACHE,COED,TOAD,SPRY
ACHE,COIL,HISS,ELSE
ACHE,CRUD,HUNG,EDGE
ACHE,CRUD,HUNG,EDGY
ACHE,CRUD,RUNG,EDGE
ACHE,CRUD,RUNG,EDGY
ACHE,CRUX,HUMP,EXPO
ACHE,CRUX,RUMP,EXPO
ACHE,GOAD,AMID,RELY
ACHE,GOAD,ARID,RELY
ACHE,GOAD,AVID,RELY
ACHE,NOEL,ALAS,LATE
ACHE,ROAD,SEND,EDDY
ACHE,ROAD,SEND,EDGY
ACHE,ROIL,SASS,ELSE
ACHE,ROUX,TOGA,STEM
ACHE,TOOL,OPUS,PYRE
ACHY,CLUE,HULL,YELL
ACHY,CLUE,HULL,YELP
ACHY,CLUE,HUNT,YETI
ACHY,CLUE,HURL,YELL
ACHY,CLUE,HURL,YELP
ACHY,CLUE,HURT,YETI
ACID,CARE,IRIS,DESK
ACID,CARE,IRON,DENT
ACID,CARE,IRON,DENY
ACID,CASE,ISLE,DEED
ACID,CASE,ISLE,DEEM
ACID,CASE,ISLE,DEEP
ACID,CASE,ISLE,DEER
ACID,CEDE,IDEA,DEAD
ACID,CEDE,IDEA,DEAF
ACID,CEDE,IDEA,DEAL
ACID,CEDE,IDEA,DEAN
ACID,CEDE,IDEA,DEAR
ACID,CEDE,IDLE,DEED
ACID,CEDE,IDLE,DEEM
ACID,CEDE,IDLE,DEEP
ACID,CEDE,IDLE,DEER
ACID,CEDE,IDOL,DELI
ACID,CEDE,IDOL,DELL
ACID,CITE,ITEM,DEMO
ACID,CODA,TIER,SLAT
ACID,CODE,IDEA,DEAD
ACID,CODE,IDEA,DEAF
ACID,CODE,IDEA,DEAL
ACID,CODE,IDEA,DEAN
ACID,CODE,IDEA,DEAR
ACID,CODE,IDLE,DEED
ACID,CODE,IDLE,DEEM
ACID,CODE,IDLE,DEEP
ACID,CODE,IDLE,DEER
ACID,CODE,IDOL,DELI
ACID,CODE,IDOL,DELL
ACID,CODE,TALE,SLED
ACID,CODE,TALE,STEM
ACID,CODE,TALE,STEP
ACID,CODE,TILE,SLED
ACID,CODE,TREE,SEAM
ACID,CODE,TREE,SEAR
ACID,CODE,TREE,SNAP
ACID,CONE,TIFF,SLOT
ACID,CONE,TIFF,SNOT
ACID,CONE,TOTE,SLOP
ACID,CONE,TOTE,STOP
ACID,CORE,IRIS,DESK
ACID,CORE,IRON,DENT
ACID,CORE,IRON,DENY
ACID,CUBE,IBIS,DESK
ACID,CUBE,IRIS,DESK
ACID,CURE,IRIS,DESK
ACID,CURE,IRON,DENT
ACID,CURE,IRON,DENY
ACID,CUTE,ITEM,DEMO
ACID,FADE,AREA,READ
ACID,FADE,AREA,REAL
ACID,FADE,AREA,REAR
ACID,FADE,AVOW,RELY
ACID,FARE,AKIN,REST
ACID,FUSE,ABLE,REED
ACID,GORE,EPIC,DESK
ACID,JADE,AREA,READ
ACID,JADE,AREA,REAL
ACID,JADE,AREA,REAR
ACID,JADE,AVOW,RELY
ACID,LORE,ALOE,SAND
ACID,LUDE,ABLE,SEED
ACID,LUDE,ABLE,SEEM
ACID,LUDE,ABLE,SEEP
ACID,LUDE,AREA,SEAL
ACID,LUDE,AREA,SEAR
ACID,LUDE,AREA,STAR
ACID,MACE,IRON,DENT
ACID,MACE,IRON,DENY
ACID,MADE,EVEN,NEAT
ACID,MADE,ISLE,DEED
ACID,MADE,ISLE,DEEM
ACID,MADE,ISLE,DEEP
ACID,MADE,ISLE,DEER
ACID,MADE,OGLE,KEEP
ACID,MARE,IRIS,DESK
ACID,MARE,IRON,DENT
ACID,MARE,IRON,DENY
ACID,MITE,ITEM,DEMO
ACID,MODE,EVEN,NEAT
ACID,MODE,IDEA,DEAD
ACID,MODE,IDEA,DEAF
ACID,MODE,IDEA,DEAL
ACID,MODE,IDEA,DEAN
ACID,MODE,IDEA,DEAR
ACID,MODE,IDLE,DEED
ACID,MODE,IDLE,DEEM
ACID,MODE,IDLE,DEEP
ACID,MODE,IDLE,DEER
ACID,MODE,IDOL,DELI
ACID,MODE,IDOL,DELL
ACID,MORE,IRIS,DESK
ACID,MORE,IRON,DENT
ACID,MORE,IRON,DENY
ACID,MOTE,IDEA,DAMN
ACID,MUTE,ITEM,DEMO
ACID,NODE,AREA,LEAD
ACID,NODE,AREA,LEAF
ACID,NODE,AREA,LEAN
ACID,NODE,AREA,LEAR
ACID,NUDE,ABLE,LEER
ACID,NUDE,AREA,LEAD
ACID,NUDE,AREA,LEAF
ACID,NUDE,AREA,LEAN
ACID,NUDE,AREA,LEAR
ACID,RARE,IRIS,DESK
ACID,RARE,IRON,DENT
ACID,RARE,IRON,DENY
ACID,REDO,IDLE,DEER
ACID,REDO,IDOL,DELL
ACID,RITE,ITEM,DEMO
ACID,ROBE,IRIS,DESK
ACID,ROSE,IDLE,DEED
ACID,ROSE,IDLE,DEEM
ACID,ROSE,IDLE,DEEP
ACID,ROSE,IDLE,DEER
ACID,ROSE,TALE,SLED
ACID,ROSE,TALE,STEM
ACID,ROSE,TALE,STEP
ACID,ROSE,TILE,SLED
ACID,ROTE,IDEA,DAMN
ACID,RUBE,IBIS,DESK
ACID,RUBE,IRIS,DESK
ACID,RUDE,IRON,ALLY
ACID,RUDE,TREE,SEAM
ACID,RUDE,TREE,SEAR
ACID,RUDE,TREE,SLAM
ACID,RUDE,TREE,SLAP
ACID,RUDE,TREE,STAR
ACID,RUDE,TREE,YEAR
ACID,ULNA,TUFT,OBOE
ACID,VASE,ISLE,DEED
ACID,VASE,ISLE,DEEM
ACID,VASE,ISLE,DEEP
ACID,VASE,ISLE,DEER
ACID,VASE,OGLE,WEED
ACID,VASE,OGLE,WEEP
ACID,VOTE,IDEA,DAMN
ACID,WADE,AREA,YEAR
ACNE,CHIC,NIGH,ECHO
ACNE,COED,NEED,EDDY
ACNE,COED,NERD,EDDY
ACNE,COED,REED,EDDY
ACNE,COED,TOAD,SPRY
ACNE,COOL,TOSS,STYE
ACNE,GOAD,AMID,RELY
ACNE,GOAD,ARID,RELY
ACNE,GOAD,AVID,RELY
ACNE,NOEL,ALAS,LATE
