Word 1,Word 2,Word 3
ABS,BAT,STY
ACE,BOB,SOB
ADD,BOY,SEE
ADO,BID,SEE
ADS,BIT,SPY
AGE,BOB,SOB
AGO,BOW,SON
AID,BRO,SEE
AIL,BRO,SET
AIM,BRA,SET
AIR,BRA,SET
ALL,BYE,SET
AND,CAY,EYE
ANT,COO,EGO
ANY,DIE,OPT
APE,BEG,SAG
APP,BEE,SAG
APT,BEE,SEA
ARC,COO,EBB
ARK,CUE,EGG
ARM,BYE,SET
ASH,BEE,SAW
ASK,BEE,SAG
ASP,BEE,SAG
AWL,BOY,SEE
AYE,BOB,SUB
BAD,ACE,DEW
BAG,ACE,GEL
BAT,ACE,TEA
BAY,ACE,GET
BED,AGO,DOE
BEE,AGO,DON
BEG,AGE,DOT
BET,AGO,DOE
BIB,ACE,DYE
BID,ACE,DEW
BIG,ACE,GEL
BIN,ACE,DEW
BIT,ACE,TEA
BOB,ADO,DEW
BOG,ADO,GET
BOT,ADO,YEP
BOW,ADO,DEW
BOY,ERA,DEW
BRA,EAR,GYM
BRO,EAR,DYE
BUB,ERA,END
BUD,ERA,END
BUG,USE,BET
BUM,ERA,END
BUN,USE,BET
BUS,ASK,TEA
BUT,ERA,END
BUY,USE,BET
BYE,EAR,DYE
CAB,ACE,BED
CAD,ACE,DEW
CAN,ACE,BET
CAP,ACE,BEE
CAR,ACE,BED
CAT,ACE,PEA
CAY,ACE,BET
CHI,HAD,IDS
COB,ADO,BEG
COD,ADO,BEE
COG,ADO,BED
CON,ADO,BED
COO,ADD,BED
COP,ADO,BED
COT,ADO,BEE
COW,ADO,BEE
COY,HUE,ITS
CRY,AYE,BET
CUB,ORE,ONE
CUD,USE,DEW
CUE,ASK,BEE
DAB,ACE,BED
DAD,ACE,DEW
DAM,ACE,BET
DEW,AGE,BOB
DID,ACE,DEW
DIE,ARK,BEE
DIG,ACE,BET
DIM,ACE,BET
DIN,ACE,BET
DIP,ACE,BEE
DOE,ADO,MEN
DOG,ADO,BED
DON,ADO,BED
DOT,ADO,BEE
DRY,AYE,BET
DUB,IRE,END
DUD,USE,DEW
DUE,ASK,BEE
DUG,USE,BET
DUO,ASP,BET
DYE,ION,DUD
EAR,ACE,RED
EAT,ACE,TEA
EBB,AYE,RED
EEL,AGE,ROT
EGG,GAY,GYM
EGO,BAD,BYE
EKE,GIN,ODD
ELF,AYE,RED
ELK,AYE,REG
ELM,BYE,BET
EMU,GAS,ODE
END,BAY,BYE
EON,ADO,RED
ERA,BAG,BYE
ERE,BAY,BYE
ERR,AYE,RED
EVE,AIL,RAM
EWE,ARK,RYE
EYE,BAY,BYE
FAD,ACE,DEW
FAN,ACE,DEW
FAR,ACE,RED
FAT,ACE,TEA
FED,AGE,NOW
FEE,AGO,DON
FIB,ACE,DYE
FIG,ACE,NET
FIR,ACE,RED
FIT,ACE,TEA
FLY,AYE,NET
FOB,ADO,DEW
FOE,EAR,EKE
FOG,ADO,NET
FOR,ADO,DEW
FRO,EAR,DYE
FRY,AYE,NET
FUN,USE,NET
FUR,ERA,END
GAB,ACE,BED
GAG,ACE,BET
GAL,ACE,BEG
GAM,ACE,BET
GAP,ACE,BEE
GAS,ACE,BEE
GAY,ACE,BET
GEL,AGE,BOG
GEM,AGE,BOT
GET,AGO,BOY
GHI,EAR,LYE
GIG,ACE,BET
GIN,ACE,BET
GOB,ADO,BEG
GOD,ADO,BEE
GOO,ADD,BED
GOT,ADO,BEE
GUM,USE,MEN
GUN,USE,MET
GUT,ASH,BEE
GYM,YOU,MUD
HAD,ACE,DEW
HAG,ACE,GEL
HAM,ACE,DEW
HAT,ACE,TEA
HAY,ACE,GET
HEM,AGE,DON
HER,AGE,DOG
HEW,AGE,DOT
HEY,AGE,DOT
HIM,ACE,DEW
HIP,ACE,DYE
HIS,ACE,DEW
HIT,ACE,TEA
HOG,ADO,GET
HOP,ADO,DEW
HOT,ADO,MEN
HOW,ADO,DEW
HOY,ERA,MEW
HUB,USE,BED
HUE,URN,END
HUG,USE,BET
HUM,USE,BET
HUT,USE,TEA
ICE,CAB,EBB
ICK,CHI,KID
ICY,COO,YOU
IDS,COO,END
ILK,CUE,EGG
ILL,COO,EBB
IMP,CUE,EGG
INK,ROE,EGG
INN,COO,EBB
INS,COO,EBB
ION,ODE,NET
IRE,CAN,END
IRK,CUE,EGG
ITS,CAP,ERA
IVY,DIE,SAP
JAB,ACE,BED
JAM,ACE,BET
JAR,ACE,BED
JAW,ACE,BED
JAY,ACE,BET
JET,AGO,BOY
JIB,ACE,BED
JIG,ACE,BET
JOB,ADO,BEG
JOE,ADO,MEN
JOG,ADO,BED
JOT,ADO,BEE
JOY,IRE,BET
JUG,USE,GEL
JUT,ASH,BEE
KEG,EGO,GOB
KID,ERA,GEM
KIN,ERE,GET
KIT,ICE,TEA
LAB,ACE,BED
LAD,ACE,DEW
LAG,ACE,BET
LAP,ACE,BEE
LEG,AGE,BOT
LET,AGO,BOY
LID,ACE,DEW
LIE,ACE,GEL
LIP,ACE,BEE
LOB,ADO,BEG
LOG,ADO,BED
LOO,ADD,BED
LOP,ADO,BED
LOT,ADO,BEE
LOW,ADO,BEE
LUG,USE,GEL
LYE,ION,DUD
MAD,ACE,DEW
MAN,ACE,DEW
MAP,ACE,NET
MAT,ACE,PEA
MAW,ACE,NET
MAY,ACE,NET
MEN,AGE,DOT
MET,AGO,DOE
MEW,AGE,DOT
MID,ACE,DEW
MOB,ADO,DEW
MOD,ADO,NET
MOM,ADO,DEW
MOO,ADD,PEE
MOP,ADO,DEW
MOW,ADO,DEW
MUD,USE,DEW
MUG,USE,GEL
MUM,USE,DEW
NAB,ACE,BED
NAG,ACE,BET
NAP,ACE,BEE
NAY,ACE,BET
NET,AGO,BOY
NEW,AGE,BOB
NIB,ACE,BED
NIL,ACE,BEG
NIP,ACE,BEE
NIT,ACE,PEA
NOB,ADO,BEG
NOD,ADO,BEE
NOG,ADO,BED
NOR,ADO,BED
NOT,ADO,BEE
NOW,ADO,BEE
NUB,USE,BED
NUN,USE,BET
NUT,ASH,BEE
OAF,ACE,FED
OAK,ACE,KEG
OAR,ACE,FED
OAT,ACE,TEA
ODD,DIE,DEW
ODE,AIR,FEE
OFF,AIL,FRY
OFT,AIR,FRY
OIL,ACE,KEG
OLD,DIE,DEW
ONE,AIM,FLU
OPT,DEW,EGO
ORB,AYE,FED
ORC,DUO,DEW
ORE,DAM,EMU
OUR,USE,RED
OUT,ASH,FEE
OWE,ARK,RYE
OWL,DIE,EGG
OWN,DOE,DEW
PAD,ACE,DEW
PAN,ACE,DEW
PAR,ACE,RED
PAT,ACE,TEA
PAW,ACE,NET
PEA,EAR,ARC
PEE,AGO,DON
PEG,AGE,DOT
PEN,AGE,DOT
PEP,AGE,DOE
PER,AGE,DOG
PET,AGO,DOE
PIE,ELK,EKE
PIG,ACE,NET
PIN,ACE,DEW
PIP,ACE,DYE
PIT,ACE,TEA
PLY,AYE,NET
POD,ADO,NET
POM,ADO,DEW
POO,ADD,RED
POP,ADO,DEW
POT,ADO,REP
POW,ADO,DEW
PRO,EAR,AGE
PRY,AYE,NET
PUB,ERA,AND
PUG,ERA,ANY
PUN,ERA,ANY
PUP,ERA,AND
PUS,ASK,TEA
PUT,ERA,AND
RAD,ACE,DEW
RAG,ACE,GEL
RAM,ACE,DEW
RAN,ACE,DEW
RAP,ACE,GET
RAT,ACE,PEA
RAW,ACE,GET
RAY,ACE,GET
RED,AGE,MOW
REG,AGE,DOT
REP,AGE,DOE
RIB,ACE,DYE
RID,ACE,DEW
RIG,ACE,GEL
RIM,ACE,DEW
ROB,ADO,DEW
ROD,ADO,GET
ROE,ADO,MEN
ROT,ADO,MEN
ROW,ADO,DEW
RUB,ORE,END
RUE,ASK,PEE
RUG,USE,BET
RUM,USE,BET
RUN,USE,BET
RUT,ASH,PEE
RYE,EAR,DYE
SAC,ADO,COB
SAD,ACE,DEW
SAG,ACE,GEL
SAP,ACE,GET
SAT,ACE,PEA
SAW,ACE,GET
SAY,ACE,GET
SEA,ARC,PEE
SEC,AGO,COB
SEE,AGO,CON
SET,AGO,CON
SEW,AGE,COB
SHE,EAR,AGE
SHY,HUE,YEP
SIR,ACE,PEG
SIT,ACE,PEA
SKA,KEG,AGE
SKI,KID,ADS
SKY,PIE,ADS
SLY,AYE,GET
SOB,ADO,DEW
SOD,ADO,GET
SON,ADO,DEW
SOP,ADO,DEW
SOW,ADO,DEW
SOY,ERE,ABS
SPA,AID,WED
SPY,ERA,COP
STY,EWE,COP
SUB,ERA,AND
SUE,ASK,PEE
SUM,ERA,AND
SUN,ERA,ANY
TAB,ACE,BED
TAD,ACE,DEW
TAG,ACE,BET
TAN,ACE,BET
TAP,ACE,BEE
TAR,ACE,BED
TEA,ARC,BEE
THE,EAR,AGE
THY,HUE,YEP
TIE,ACE,GEL
TIN,ACE,BET
TOE,ADO,PEN
TON,ADO,BED
TOO,ADD,BED
TOP,ADO,BED
TOY,ERE,ABS
TRY,AYE,BET
TUB,ERA,AND
TUG,ERA,ANY
TWO,EAR,AGE
URN,ROE,NET
USE,REG,NAG
VAN,ACE,NET
VAT,ACE,TEA
VET,AGO,TOE
VIA,ICY,AYE
VIE,ERR,TEA
VOW,ADO,NEW
WAD,ACE,DEW
WAG,ACE,GEL
WAR,ACE,RED
WAS,ACE,DEW
WAY,ACE,GET
WEB,AGE,DOE
WED,AGE,ROW
WET,AGO,DOE
WHO,EAR,BYE
WHY,HUE,YEP
WIG,ACE,GEL
WIN,ACE,DEW
WIT,ACE,SEA
WOE,ANY,SEE
WOK,ERE,BEG
WON,ADO,DEW
WOW,ADO,DEW
WRY,AYE,GET
YAK,ACE,KEG
YAM,ACE,MEN
YAP,ACE,KEG
YAW,ACE,MET
YAY,ACE,MET
YEP,AGE,MOP
YES,AGE,MOW
YET,AGO,MOO
YOU,ADS,PEE
YUM,USE,MEN
YUP,USE,MEN
ZAP,ACE,PEA
ZIG,ACE,PET
ZIP,ACE,PEA
ZIT,ACE,PEA
ZOO,ADD,PEE
